"id","title","content","published_date","source_url"
1,"Some on-air claims about Dominion Voting Systems were false, Fox News acknowledges in statement after deal is announced","No content available","2023-04-19 12:44:51","https://www.cnn.com/business/live-news/fox-news-dominion-trial-04-18-23/index.html"
2,"Here are the 20 specific Fox broadcasts and tweets Dominion says were defamatory","• Fox-Dominion trial delay 'is not unusual,' judge says
• Fox News' defamation battle isn't stopping Trump's election lies","2023-04-17 16:01:11","https://www.cnn.com/2023/04/17/media/dominion-fox-news-allegations/index.html"
3,"Judge in Fox News-Dominion defamation trial: 'The parties have resolved their case'","The judge just announced in court that a settlement has been reached in the historic defamation case between Fox News and Dominion Voting Systems.","2023-04-19 08:28:17","https://www.cnn.com/2023/04/18/media/fox-dominion-settlement/index.html"
4,"'Difficult to say with a straight face': Tapper reacts to Fox News' statement on settlement","A settlement has been reached in Dominion Voting Systems' defamation case against Fox News, the judge for the case announced. The network will pay more than $787 million to Dominion, a lawyer for the company said.","2023-04-18 21:17:44","https://www.cnn.com/videos/politics/2023/04/18/jake-tapper-dominion-lawsuit-settlement-fox-news-statement-lead-vpx.cnn"
5,"Millions in the US could face massive consequences unless McCarthy can navigate out of a debt trap he set for Biden","• DeSantis goes to Washington, a place he once despised, looking for support to take on Trump
• Opinion: For the GOP to win, it must ditch Trump
• Chris Christie mulling 2024 White House bid
• Analysis: The fire next time has begun burning in Tennessee","2023-04-18 20:34:45","https://www.cnn.com/2023/04/18/politics/mccarthy-biden-debt-ceiling/index.html"
6,"White homeowner accused of shooting a Black teen who rang his doorbell turns himself in to face criminal charges","• 'A major part of Ralph died': Aunt of teen shot after ringing wrong doorbell speaks
• 20-year-old woman shot after friend turned into the wrong driveway in upstate New York, officials say","2023-04-19 04:29:05","https://www.cnn.com/2023/04/18/us/kansas-city-ralph-yarl-shooting-tuesday/index.html"
7,"Newly released video shows scene of Jeremy Renner's snowplow accident","Newly released body camera footage shows firefighters and sheriff's deputies rushing to help actor Jeremy Renner after a near-fatal snowplow accident in January. The ""Avengers"" actor broke more than 30 bones and suffered other severe injuries. CNN's Chloe Melas has more.","2023-04-18 14:09:43","https://www.cnn.com/videos/us/2023/04/18/jeremy-renner-snowplow-accident-bodycam-nc-melas-contd-vpx.cnn"
8,"Jake Gyllenhaal and Jamie Lee Curtis spent the Covid-19 lockdown together","It's sourdough bread and handstands for Jake Gyllenhaal and Jamie Lee Curtis.","2023-04-18 14:40:32","https://www.cnn.com/2023/04/18/entertainment/jake-gyllenhaal-jamie-lee-curtis-pandemic-living/index.html"
9,"Toddler crawls through White House fence, prompts Secret Service response","A tiny intruder infiltrated White House grounds Tuesday, prompting a swift response from the US Secret Service.","2023-04-18 17:38:16","https://www.cnn.com/2023/04/18/politics/white-house-toddler/index.html"
10,"Jamie Foxx remains hospitalized nearly a week after 'medical complication'","Jamie Foxx remains hospitalized in Georgia nearly a week after his daughter revealed the actor experienced a ""medical complication,"" a source with knowledge of the matter told CNN on Monday.","2023-04-18 00:27:07","https://www.cnn.com/2023/04/17/entertainment/jamie-foxx-remains-hospitalized/index.html"
11,"A 13-year-old dies after participating in a Benadryl TikTok 'challenge'","A 13-year-old in Ohio has died after ""he took a bunch of Benadryl,"" trying a dangerous TikTok challenge that's circulating online, according to a CNN affiliate and a GoFundMe account from his family.","2023-04-19 15:01:06","https://www.cnn.com/2023/04/18/us/benadryl-tiktok-challenge-teen-death-wellness/index.html"
12,"See pizza delivery guy take out suspect fleeing police","Pizza guy delivers more than a pie, taking out a fleeing suspect. CNN's Jeanne Moos shows him putting his best foot forward.","2023-04-18 16:40:22","https://www.cnn.com/videos/us/2023/04/18/pizza-guy-trips-perp-moos-cprog-orig-bdk.cnn"
13,"Netflix is winding down its DVD business after 25 years","Netflix is officially winding down the business that helped make it a household name.","2023-04-18 20:10:51","https://www.cnn.com/2023/04/18/media/netflix-dvd-red-envelopes/index.html"
14,"FTC chair Lina Khan warns AI could 'turbocharge' fraud and scams","Artificial intelligence tools such as ChatGPT could lead to a ""turbocharging"" of consumer harms including fraud and scams, and the US government has substantial authority to crack down on AI-driven consumer harms under existing law, members of the Federal Trade Commission said Tuesday.","2023-04-18 17:59:38","https://www.cnn.com/2023/04/18/tech/lina-khan-ai-warning/index.html"
15,"Eating too much of these foods is driving the rise in type 2 diabetes, study says","Gobbling up too many refined wheat and rice products, along with eating too few whole grains, is fueling the growth of new cases of type 2 diabetes worldwide, according to a new study that models data through 2018.","2023-04-17 16:02:46","https://www.cnn.com/2023/04/17/health/rise-type-2-diabetes-global-wellness/index.html"
16,"ADHD medication abuse in schools is a 'wake-up call'","At some middle and high schools in the United States, 1 in 4 teens report they've abused prescription stimulants for attention deficit hyperactivity disorder during the year prior, a new study found.","2023-04-25 17:44:36","https://www.cnn.com/2023/04/18/health/teen-misuse-adhd-meds-wellness/index.html"
17,"Apple CEO was presented with an original Macintosh. See his reaction","CEO Tim Cook personally welcomed customers to the new Apple store in Mumbai as the tech company opens its first retail stores in India. CNN's Vedika Sud reports.","2023-04-18 09:17:25","https://www.cnn.com/videos/tech/2023/04/18/apple-store-mumbai-india-ceo-tim-cook-vedika-sud-ovn-biz-ldn-vpx.cnn"
18,"Democrats bash Justice Clarence Thomas but their plan to investigate ethics allegations is unclear","Senate Democrats railed against Justice Clarence Thomas on Tuesday amid reports that the Supreme Court conservative failed to disclose luxury travel, gifts and a real estate transaction involving a GOP megadonor, but their plan to investigate the conservative jurist remains unclear.","2023-04-18 20:29:46","https://www.cnn.com/2023/04/18/politics/clarence-thomas-ethics-democrats/index.html"
19,"Two Russians claiming to be former Wagner commanders admit killing children and civilians in Ukraine","Two Russian men who claim to be former Wagner Group commanders have told a human rights activist that they killed children and civilians during their time in Ukraine.","2023-04-18 19:07:52","https://www.cnn.com/2023/04/17/europe/wagner-commanders-russia-kill-children-intl-hnk/index.html"
20,"'My stomach is hurting from laughing': Hear panelist's reaction to DeSantis' threat to Disney","CNN panelists react to Florida Gov. Ron DeSantis floating the idea of building a competing theme park next to Disney World in Orlando.","2023-04-18 03:24:56","https://www.cnn.com/videos/business/2023/04/18/desantis-disney-competition-panel-reax-pt-vpx.cnn"
167,"India's oldest trams may soon be brought to a halt","Authorities in the eastern city of Kolkata announced plans to discontinue its iconic trams first set up in 1873.","2024-10-01 12:27:53","https://www.bbc.com/news/articles/cr54qr64n1qo"
21,"GOP prepared to block vote to replace Feinstein on Senate Judiciary","Senate Majority Leader Chuck Schumer said on Tuesday that he hopes to replace Democratic Sen. Dianne Feinstein on the Senate Judiciary Committee with Sen. Ben Cardin of Maryland and aims to set up a floor vote on the issue this afternoon, which Republicans are expected to block.","2023-04-18 22:03:13","https://www.cnn.com/2023/04/18/politics/schumer-senate-feinstein-vote-cardin/index.html"
22,"Oklahoma governor calls on officials to resign over recording of racist and threatening remarks","No content available","2023-04-18 17:33:17","https://www.cnn.com/2023/04/18/us/mccurtain-county-oklahoma-officials-recording/index.html"
23,"McCarthy slams Biden in handling of US debt","House Speaker Kevin McCarthy traveled to Wall Street on Monday to deliver a fresh warning that the House GOP majority will refuse to lift a cap on government borrowing unless Biden agrees to spending cuts that would effectively neutralize his domestic agenda.","2023-04-18 22:03:01","https://www.cnn.com/videos/politics/2023/04/18/kevin-mccarthy-wall-street-speech-debt-ceiling-biden-economy-vpx.cnn"
24,"US warns Russia not to touch American nuclear technology at Ukrainian nuclear plant","The US has sensitive nuclear technology at a nuclear power plant inside Ukraine and is warning Russia not to touch it, according to a letter the US Department of Energy sent to Russia's state-owned nuclear energy firm Rosatom last month.","2023-04-19 08:35:33","https://www.cnn.com/2023/04/18/politics/us-warns-russia-zaporizhzhia-nuclear-plant/index.html"
25,"Repeated gunshots fired on live TV as ex-lawmaker shot by assassins","Atiq Ahmed, a former lawmaker in India's parliament, convicted of kidnapping, was shot dead along with his brother while police were escorting them for a medical check-up in a slaying caught on live television on Saturday. CNN's Vedika Sud reports.","2023-04-18 09:41:42","https://www.cnn.com/videos/world/2023/04/18/india-ex-lawmaker-atiq-ahmed-assassination-sud-pkg-contd-ovn-intl-hnk-vpx.cnn"
26,"FDA clears the way for additional bivalent boosters for certain vulnerable individuals","The U.S. Food and Drug Administration amended the terms of its emergency use authorizations for the Pfizer and Moderna bivalent vaccines on Tuesday, allowing people ages 65 and older and certain people with weakened immunity to get additional doses before this fall's vaccination campaigns.","2023-04-18 15:09:15","https://www.cnn.com/2023/04/18/health/fda-bivalent-booster-additional-doses/index.html"
27,"Maine authorities detained a person of interest after 4 people were found dead in a home and 3 others shot while driving","Maine authorities have detained a person of interest and continue to investigate after two shooting incidents that appear to be connected left at least four people dead and three others injured, state police said.","2023-04-19 01:49:51","https://www.cnn.com/2023/04/18/us/maine-shooting-bowdoin-yarmouth/index.html"
28,"Southwest says flights resumed after delays caused by 'tech issues'","• Delta Air Lines reports record bookings for summer travel
• Air France and Airbus acquitted in trial over 2009 plane crash","2023-04-18 17:15:29","https://www.cnn.com/travel/article/southwest-airlines-flight-delays/index.html"
29,"Damar Hamlin cleared to resume football activities after January cardiac arrest","Buffalo Bills safety Damar Hamlin, who has been cleared to resume football activities, said Tuesday his cardiac arrest during an NFL game in January was caused by commotio cordis.","2023-04-18 22:11:37","https://www.cnn.com/2023/04/18/sport/damar-hamlin-cleared-to-train-nfl-spt-intl/index.html"
30,"Pilot makes history after landing on top of a 56-story hotel","Polish pilot Lukasz Czepiela made history after landing a plane on a helipad at the top of a 56-story hotel in Dubai.","2023-03-19 11:22:30","https://www.cnn.com/videos/travel/2023/03/17/pilot-lands-on-dubai-helipad-cprog-orig-aw-ao.cnn"
31,"Top US Navy admiral defends non-binary sailor amid some Republican criticism","The top US Navy admiral ardently defended a non-binary sailor on Tuesday amid some criticism from Republican lawmakers, saying he is ""particularly proud of this sailor.""","2023-04-18 19:56:40","https://www.cnn.com/2023/04/18/politics/gilday-defends-non-binary-sailor/index.html"
32,"Fulton County DA says fake Trump electors are incriminating one another and wants lawyer disqualified","The Fulton County District Attorney's office said some fake electors for Donald Trump have implicated each other in potential criminal activity and is seeking to disqualify their lawyer, according to a new court filing.","2023-04-19 15:31:24","https://www.cnn.com/2023/04/18/politics/fulton-county-trump-fake-electors/index.html"
33,"High speed trains are racing across the world. But not in America","High speed trains have proved their worth across the world over the past 50 years.","2023-04-19 02:39:40","https://www.cnn.com/travel/article/high-speed-rail-us/index.html"
34,"Here's what you need to know if you haven't filed your return yet — and even if you have","It's April 18, the official deadline to file your federal and state income tax returns for 2022. (It is also, apparently, National Animal Crackers Day for those who celebrate.)","2023-04-18 14:15:43","https://www.cnn.com/2023/04/18/success/tax-day-2023-file-irs/index.html"
35,"Undocumented immigrants are paying their taxes today, too","It's a surprising fact that's often overlooked in the immigration debate.","2023-04-18 18:29:24","https://www.cnn.com/2023/04/18/us/undocumented-immigrants-taxes-cec/index.html"
36,"Opinion: Why millionaires like us want to pay more in taxes","Tuesday is Tax Day in America, one of the most stressful days of the year, when many taxpayers will finally end their procrastination, file their federal returns, and hope for a refund from the IRS. But for many of the nation's wealthiest, it's just another Tuesday.","2023-04-17 19:32:49","https://www.cnn.com/2023/04/17/opinions/us-tax-system-wealthy-disney-pearl/index.html"
37,"'World's longest' purpose-built cycling tunnel opens in Norway","There are many ways to explore the seven mountains that surround the picturesque UNESCO World Heritage city of Bergen on Norway's fjord-studded west coast. The newest, however, might well be record-breaking.","2023-04-18 10:44:27","https://www.cnn.com/travel/article/worlds-longest-cycling-tunnel/index.html"
38,"Artist rejects photo prize after AI-generated image wins award","A German artist has rejected an award from a prestigious international photography competition after revealing that his submission was generated by Artificial Intelligence (AI).","2023-04-18 15:27:54","https://www.cnn.com/style/article/ai-photo-win-sony-scli-intl/index.html"
39,"These ships disappeared in Lake Superior a century ago. Watch as they're found again","The Great Lakes Shipwreck Historical Society has found two of three ships that sank in the same Lake Superior storm more than a century ago, locating one in 2021 and the other in 2022.","2023-04-18 19:29:01","https://www.cnn.com/videos/travel/2023/04/18/century-old-shipwrecks-lake-superior-discovery-contd-orig-zt.cnn"
40,"Erotic images of seniors show sex and intimacy in new light","What does intimacy look like for seniors? There's no end to sex scenes and other steamy content featuring the young and unwrinkled, but past a certain age, popular culture largely draws a blank — or treats sex as a punchline.","2023-04-18 03:24:57","https://www.cnn.com/style/article/marilyn-minter-artist-elder-sex/index.html"
41,"China's economy is off to a solid start, rising 4.5% in Q1 2023","China's economy is off to a solid start in 2023 following its emergence from three years of strict pandemic restrictions.","2023-04-18 07:01:12","https://www.cnn.com/2023/04/17/economy/china-gdp-q1-2023-intl-hnk/index.html"
42,"Even when wives make as much as husbands, they still do more at home","• Four out of the five US metro areas with the lowest unemployment are in Florida. Here's why
• Opinion: The overlooked problem with raising the retirement age for Social Security","2023-04-16 17:29:49","https://www.cnn.com/2023/04/16/success/husbands-wives-earning-division-of-labor-pew-survey/index.html"
43,"McDonald's is upgrading its burgers","McDonald's, which has been focusing on upgrading its core items to boost sales, is rolling out a series of changes designed to improve its signature burgers.","2023-04-17 16:31:30","https://www.cnn.com/2023/04/17/business/mcdonalds-burgers/index.html"
44,"Google-parent stock drops on fears it could lose search market share to AI-powered rivals","Shares of Google-parent Alphabet fell more than 3% in early trading Monday after a report sparked concerns that its core search engine could lose market share to AI-powered rivals, including Microsoft's Bing.","2023-04-17 15:52:19","https://www.cnn.com/2023/04/17/tech/google-ai-search-engine-stock-drop/index.html"
45,"Mifepristone saved my life","The ruling earlier this month by a Texas federal judge to suspend the US Food and Drug Administration's approval of a drug that is used frequently for medication abortions, is very personal for me.","2023-04-18 11:30:00","https://www.cnn.com/2023/04/18/opinions/medication-abortion-mifepristone-miscarriage-jones-ctpr/index.html"
46,"Why isn't the House Judiciary Committee looking into Thomas?","On Monday, the GOP-controlled House Judiciary Committee — chaired by Donald Trump ally Rep. Jim Jordan — is set to hold a field hearing in New York City called ""Victims of Violent Crime in Manhattan."" A statement bills the hearing as an examination of how, the Judiciary Committee says, Manhattan District Attorney Alvin Bragg's policies have ""led to an increase in violent crime and a dangerous community for New York City residents.""","2023-04-17 11:37:37","https://www.cnn.com/2023/04/17/opinions/jim-jordan-clarence-thomas-judiciary-committee-obeidallah/index.html"
47,"Top secrets come spilling out","In 1917, British analysts deciphered a coded message the German foreign minister sent to one of his country's diplomats vowing to begin ""unrestricted submarine warfare"" and seeking to win over Mexico with a promise to ""reconquer the lost territory in Texas, New Mexico and Arizona"" if the US entered the world war. When it became public, the Zimmerman Telegram caused a sensation, helping propel the US into the conflict against Germany.","2023-04-16 11:22:36","https://www.cnn.com/2023/04/16/opinions/top-secrets-come-spilling-out-opinion-column-galant/index.html"
48,"How did Sudan go from casting off despotic rule to this?","Four years ago, almost to the day, the people of Sudan were celebrating a revolution after overthrowing longtime dictator Omar al-Bashir. Now the East African country faces the possibility of a complete collapse similar to the chaos we see today in Yemen or Libya.","2023-04-17 22:45:23","https://www.cnn.com/2023/04/17/opinions/sudan-revolution-to-civil-war-lynch/index.html"
49,"Michelle Yeoh set to return in new 'Star Trek' movie","Live long and prosper, Michelle Yeoh.","2023-04-18 19:11:23","https://www.cnn.com/2023/04/18/entertainment/michelle-yeoh-star-trek-section-31/index.html"
50,"Recap: 'Succession' finds dark humor in the aftershocks","After the shock came the aftershocks, the power vacuum, and perhaps most significantly and impressively, the laughs, as ""Succession"" pivoted to face life after Logan Roy, in an episode that finally put the HBO show's title into full flower.","2023-04-17 02:28:12","https://www.cnn.com/2023/04/16/entertainment/succession-season-4-episode-4-recap/index.html"
51,"'Yellowjackets' leans hard into '90s music nostalgia, and we're here for it","Of the many dark gifts Showtime's eerie hit series ""Yellowjackets"" serves up for us, the juiciest this season is by far the music.","2023-05-01 23:02:04","https://www.cnn.com/2023/04/14/entertainment/yellowjackets-90s-music/index.html"
52,"Jeremy Renner revisits 'the amazing group of people' who helped him recover from his accident","Jeremy Renner is continuing his recovery after his devastating snowplow accident in January, and recognizing those who've helped him along the way.","2023-04-16 19:04:10","https://www.cnn.com/2023/04/16/entertainment/jeremy-renner-update/index.html"
53,"Review: 'Barry' takes a whack at its farewell season","""Barry"" has taken chances from the very beginning, which is certainly true of a fourth and final season that picks up where the third left off, with its hitman-turned-wannabe actor getting arrested. That paves the way for an even darker season that accentuates the show's ensemble aspect while leaning a little too heavily on blurring lines with flights of fancy.","2023-04-14 12:33:08","https://www.cnn.com/2023/04/14/entertainment/barry-season-4-review/index.html"
54,"Waffle House has its own hurricane index and storm center. Milton is Code Red. Here's what that means","<img class=""type:primaryImage"" src=""https://i.kinja-img.com/image/upload/c_fit,q_80,w_636/151af6c6c5d4ab4e88e9e8feaa6a87a2.jpg"" /><p>Common sense would tell you Floridians concerned about <a class=""sc-1out364-0 dPMosf sc-145m8ut-0 lcFFec js_link"" href=""https://qz.com/hurricane-milton-airport-closures-orlando-tampa-1851667895"" rel=""noopener noreferrer"" target=""_blank"">Hurricane Milton</a> would turn to the news and the<a class=""sc-1out364-0 dPMosf sc-145m8ut-0 lcFFec js_link"" href=""https://qz.com/donald-trump-elon-musk-starlink-hurricane-helene-nc-1851661683"" rel=""noopener noreferrer"" target=""_blank""> Federal Emergency Management Agency</a> (FEMA) to stay informed about the storm’s impact. But there’s a third source that many in the South are using that may come as a surprise.<br /></p><p><a href=""https://qz.com/waffle-house-index-labels-hurricane-milton-red-1851669187"">Read more...</a></p>","2024-10-09 19:20:00","https://qz.com/waffle-house-index-labels-hurricane-milton-red-1851669187"
55,"The Dow spikes more than 400 points as Fed minutes and an inflation report come into focus","<img class=""type:primaryImage"" src=""https://i.kinja-img.com/image/upload/c_fit,q_80,w_636/b55bc4778f31d1abef97fbc91710fc30.jpg"" /><p>The Dow jumped more than 400 points on Wednesday after the <a class=""sc-1out364-0 dPMosf sc-145m8ut-0 lcFFec js_link"" href=""https://prod-i.a.dj.com/public/resources/documents/fomcminutes20240918.pdf"" rel=""noopener noreferrer"" target=""_blank"">release of minutes from the Fed’s Sept. 17-18 meeting</a> showed how officials agreed to a half-point rate cut. Despite being divided on the economic outlook and uncertain about how aggressive to be, the Fed settled on a 50-basis-point reduction—the first in over…</p><p><a href=""https://qz.com/dow-jumps-over-300-points-the-fed-minutes-and-inflation-1851669106"">Read more...</a></p>","2024-10-09 18:58:40","https://qz.com/dow-jumps-over-300-points-the-fed-minutes-and-inflation-1851669106"
118,"Over 5,700 children in 5-year period had gender surgeries, most from 5 liberal states: watchdog","A national database reveals more than 5,700 minors underwent gender reassignment surgeries or treatments from 2019-2023, totaling nearly $120 million in charges.","2024-10-09 10:40:41","https://www.foxnews.com/politics/over-5700-children-5-year-period-had-gender-surgeries-most-from-5-liberal-states-watchdog"
56,"Amazon is doubling down on pharmacies","<img class=""type:primaryImage"" src=""https://i.kinja-img.com/image/upload/c_fit,q_80,w_636/ddb3424881ee0b8c486ad7ae93d75956.jpg"" /><p>Amazon (<a class=""sc-1out364-0 dPMosf sc-145m8ut-0 lcFFec js_link"" href=""https://qz.com/quote/AMZN"" rel=""noopener noreferrer"" target=""_blank"">AMZN</a>) wants to give more customers access to same-day delivery for their prescriptions. </p><p><a href=""https://qz.com/amazon-pharmacy-20-new-cities-expansion-retail-1851669011"">Read more...</a></p>","2024-10-09 18:57:58","https://qz.com/amazon-pharmacy-20-new-cities-expansion-retail-1851669011"
57,"The Boeing machinist strike is nearing its fourth week. Where do things stand?","<img class=""type:primaryImage"" src=""https://i.kinja-img.com/image/upload/c_fit,q_80,w_636/957de8a96f0c168cb1a8e41d8d6830be.jpg"" /><p>As the Boeing (<a class=""sc-1out364-0 dPMosf sc-145m8ut-0 lcFFec js_link"" href=""https://qz.com/quote/BA"" rel=""noopener noreferrer"" target=""_blank"">BA</a>) machinist strike threatens to drag into its fourth week <a class=""sc-1out364-0 dPMosf sc-145m8ut-0 lcFFec js_link"" href=""https://qz.com/boeing-strike-union-talks-fail-credit-rating-cash-burn-1851668497"" rel=""noopener noreferrer"" target=""_blank"">with no end in sight</a>, it remains unclear where things go from here. The company is losing hundreds of millions of dollars in <a class=""sc-1out364-0 dPMosf sc-145m8ut-0 lcFFec js_link"" href=""https://qz.com/boeing-737-max-negative-cash-flow-1851496618"" rel=""noopener noreferrer"" target=""_blank"">badly needed cash</a>, but that hasn’t prompted it to strike a deal. </p><p><a href=""https://qz.com/boeing-strike-week-4-explainer-1851668972"">Read more...</a></p>","2024-10-09 18:38:00","https://qz.com/boeing-strike-week-4-explainer-1851668972"
58,"Nvidia wants to drive AI costs down as 'reasoning' models rise","<img class=""type:primaryImage"" src=""https://i.kinja-img.com/image/upload/c_fit,q_80,w_636/ebd63128f8d2c8ee34d03ccd1b2f999d.jpg"" /><p>Nvidia’s (<a class=""sc-1out364-0 dPMosf sc-145m8ut-0 lcFFec js_link"" href=""https://qz.com/quote/NVDA"" rel=""noopener noreferrer"" target=""_blank"">NVDA</a>) chips have been a driver of the current artificial intelligence boom — and the chipmaker only wants to make it move faster, chief executive Jensen Huang said.</p><p><a href=""https://qz.com/jensen-huang-nvidia-ai-innovation-faster-chips-podcast-1851668840"">Read more...</a></p>","2024-10-09 17:15:43","https://qz.com/jensen-huang-nvidia-ai-innovation-faster-chips-podcast-1851668840"
59,"AOC to Mark Cuban and other Kamala Harris backers: Stay away from FTC chair Lina Khan","<img class=""type:primaryImage"" src=""https://i.kinja-img.com/image/upload/c_fit,q_80,w_636/fe3f6fb8c6d4adee0ea4eec76299c035.jpg"" /><p>Congresswoman Alexandria Ocasio-Cortez is hitting back at the slew of Democratic billionaires calling for a potential Kamala Harris Administration to fire the sitting chair of the Federal Trade Commission (FTC).</p><p><a href=""https://qz.com/aoc-mark-cuban-kamala-harris-ftc-lina-khan-billionaire-1851669012"">Read more...</a></p>","2024-10-09 17:13:00","https://qz.com/aoc-mark-cuban-kamala-harris-ftc-lina-khan-billionaire-1851669012"
60,"Offering Wegovy and other weight loss drugs on Medicare could cost $35 billion","<img class=""type:primaryImage"" src=""https://i.kinja-img.com/image/upload/c_fit,q_80,w_636/31fc852965a6d94e4c9cac36cfa90bbc.jpg"" /><p>Allowing Medicare to cover popular <a class=""sc-1out364-0 dPMosf sc-145m8ut-0 lcFFec js_link"" href=""http://Ozempic and prescription weight loss drugs: How they work, what they cost, side effects, and everything to know"">weight loss drugs</a> such as Wegovy and Zepbound could increase federal spending by billions of dollars, according to a <a class=""sc-1out364-0 dPMosf sc-145m8ut-0 lcFFec js_link"" href=""https://www.cbo.gov/publication/60816#_idTextAnchor000"" rel=""noopener noreferrer"" target=""_blank"">new report</a> by the  Congressional Budget Office (CBO).<br /></p><p><a href=""https://qz.com/offering-wegovy-and-other-weight-loss-drugs-on-medicare-1851669004"">Read more...</a></p>","2024-10-09 17:05:00","https://qz.com/offering-wegovy-and-other-weight-loss-drugs-on-medicare-1851669004"
61,"McDonald's is joining the FTC in going after an alleged meat monopoly","<img class=""type:primaryImage"" src=""https://i.kinja-img.com/image/upload/c_fit,q_80,w_636/1ecd3b0fbd0d495871baeffa42d4cf4d.jpg"" /><p><a class=""sc-1out364-0 dPMosf sc-145m8ut-0 lcFFec js_link"" href=""https://qz.com/mcdonalds-chicken-big-mac-retail-consumers-1851664859"" rel=""noopener noreferrer"" target=""_blank"">McDonald’s</a> is stepping into the regulatory arena alongside the Federal Trade Commission (FTC) to challenge a <a class=""sc-1out364-0 dPMosf sc-145m8ut-0 lcFFec js_link"" href=""https://www.ftc.gov/news-events/news/press-releases/2024/09/ftc-supports-usdas-efforts-protect-farmers-growers-ranchers-consumers-unlawful-conduct-dominant-meat"" rel=""noopener noreferrer"" target=""_blank"">suspected</a> meat monopoly – an unexpected move that signals a shift in corporate responsibility. </p><p><a href=""https://qz.com/mcdonalds-lawsuit-tyson-jbs-cargill-national-beef-retai-1851668814"">Read more...</a></p>","2024-10-09 16:52:21","https://qz.com/mcdonalds-lawsuit-tyson-jbs-cargill-national-beef-retai-1851668814"
62,"GM is walking a tightrope between gas and electric cars","<img class=""type:primaryImage"" src=""https://i.kinja-img.com/image/upload/c_fit,q_80,w_636/766281d32c97ca4d56f44d0ec0c5e835.jpg"" /><p>At General Motors (<a class=""sc-1out364-0 dPMosf sc-145m8ut-0 lcFFec js_link"" href=""https://qz.com/quote/GM"" rel=""noopener noreferrer"" target=""_blank"">GM</a>)’ investor day, the Detroit automaker made sure to tout its progress and enthusiasm for electric vehicles. But the company also made sure to remind investors that gasoline-powered cars are still a necessary part of its business.<br /></p><p><a href=""https://qz.com/gm-gas-powered-cars-investment-future-ev-progress-1851668873"">Read more...</a></p>","2024-10-09 16:50:00","https://qz.com/gm-gas-powered-cars-investment-future-ev-progress-1851668873"
63,"Honda recalls 2 million vehicles with a steering bug","<img class=""type:primaryImage"" src=""https://i.kinja-img.com/image/upload/c_fit,q_80,w_636/1d41e43cdc2ae4daf2d12d6b78aefc4d.jpg"" /><p><a class=""sc-1out364-0 dPMosf sc-145m8ut-0 lcFFec js_link"" href=""https://qz.com/honda-motor-evs-hybrids-research-record-profits-nissan-1851469392"" rel=""noopener noreferrer"" target=""_blank"">Honda Motors</a> recalled around two million vehicles in North America on Wednesday due to a steering bug that increases the risk of a crash.<br /></p><p><a href=""https://qz.com/honda-recalls-2-million-vehicles-crv-civic-hrv-integra-1851668976"">Read more...</a></p>","2024-10-09 16:45:00","https://qz.com/honda-recalls-2-million-vehicles-crv-civic-hrv-integra-1851668976"
73,"Bankrupt EV startup Fisker's legal troubles keep getting worse","<img class=""type:primaryImage"" src=""https://i.kinja-img.com/image/upload/c_fit,q_80,w_636/a9ae82be4af3034c93ff164e40fcb99d.jpg"" /><p>Despite <a class=""sc-1out364-0 dPMosf sc-145m8ut-0 lcFFec js_link"" href=""https://jalopnik.com/comedy-of-errors-led-to-fisker-s-bankruptcy-1851550234"">going through bankruptcy</a> and shuttering operations Fisker’s legal problems keep getting worse. Just a day after it was announced that the <a class=""sc-1out364-0 dPMosf sc-145m8ut-0 lcFFec js_link"" href=""http:// https://jalopnik.com/fisker-is-dead-but-its-legal-troubles-are-just-beginnin-1851666516"" target=""_blank"">Securities and Exchange Commission subpoenaed the automaker</a>,  the automaker learned asking owners to cover their own recall repair costs was just as illegal as it sounds.</p><p><a href=""https://qz.com/fisker-bankruptcy-ocean-recalls-cost-doj-evs-1851668617"">Read more...</a></p>","2024-10-09 13:44:51","https://qz.com/fisker-bankruptcy-ocean-recalls-cost-doj-evs-1851668617"
64,"A Turkish Airlines pilot died mid-flight, forcing an emergency landing in New York","<img class=""type:primaryImage"" src=""https://i.kinja-img.com/image/upload/c_fit,q_80,w_636/b04d3d22890cbc2a1c699ee0590990d1.jpg"" /><p> A <a class=""sc-1out364-0 dPMosf sc-145m8ut-0 lcFFec js_link"" href=""https://jalopnik.com/fbi-looking-into-nyc-mayor-eric-adams-free-turkish-air-1851392033"">Turkish Airlines</a> flight diverted to New York on Wednesday morning after the captain collapsed and died onboard. The carrier’s Airbus A350 was scheduled to fly from <a class=""sc-1out364-0 dPMosf sc-145m8ut-0 lcFFec js_link"" href=""https://jalopnik.com/hackers-demand-5-7-million-ransom-for-seattle-airport-1851652529"">Seattle</a> to <a class=""sc-1out364-0 dPMosf sc-145m8ut-0 lcFFec js_link"" href=""https://jalopnik.com/theres-a-new-longest-suspension-bridge-in-the-world-1848676523"">Istanbul</a> over and 11-hour flight, however the crew declared an emergency over the Canadian Arctic four hours into the flight and began <a class=""sc-1out364-0 dPMosf sc-145m8ut-0 lcFFec js_link"" href=""https://jalopnik.com/horse-gets-loose-on-airplane-forces-return-to-airport-1851020699?_gl=1*19b5xk9*_ga*MTgyODQwMDgwLjE2OTIzNjgyNDU.*_ga_V4QNJTT5L0*MTcyODQ4Mzk0NS4yOTIuMS4xNzI4NDg2NjEwLjM5LjAuMA.."">its…</a></p><p><a href=""https://qz.com/turkish-airlines-pilot-dies-emergency-landing-jfk-nyc-1851668983"">Read more...</a></p>","2024-10-09 16:43:58","https://qz.com/turkish-airlines-pilot-dies-emergency-landing-jfk-nyc-1851668983"
65,"3 women got kicked off a Spirit Airlines flight — for wearing crop tops","<img class=""type:primaryImage"" src=""https://i.kinja-img.com/image/upload/c_fit,q_80,w_636/4d4a02763c47029367730f2ebb561d1b.jpg"" /><p>Three women said they were kicked off a <a class=""sc-1out364-0 dPMosf sc-145m8ut-0 lcFFec js_link"" href=""https://qz.com/spirit-airlines-checked-bags-carry-ons-seating-change-1851609003"" rel=""noopener noreferrer"" target=""_blank"">Spirit Airlines</a> flight for wearing crop tops.</p><p><a href=""https://qz.com/women-kicked-off-spirit-airlines-flight-crop-tops-1851668855"">Read more...</a></p>","2024-10-09 15:50:00","https://qz.com/women-kicked-off-spirit-airlines-flight-crop-tops-1851668855"
66,"Mountain Dew's rebrand has a nostalgic new look","<img class=""type:primaryImage"" src=""https://i.kinja-img.com/image/upload/c_fit,q_80,w_636/3fd11092e65c85456ee9d52a3fd31e5f.jpg"" /><p>Mountain Dew (<a class=""sc-1out364-0 dPMosf sc-145m8ut-0 lcFFec js_link"" href=""https://qz.com/quote/PEP"" rel=""noopener noreferrer"" target=""_blank"">PEP</a>) is “reclaiming the mountain” with a rebrand that nods to the past.<br /></p><p><a href=""https://qz.com/mountain-dew-rebrands-with-a-nostalgic-new-look-1851668764"">Read more...</a></p>","2024-10-09 15:05:00","https://qz.com/mountain-dew-rebrands-with-a-nostalgic-new-look-1851668764"
67,"Medicare wants to make these generic drugs available for just $2","<img class=""type:primaryImage"" src=""https://i.kinja-img.com/image/upload/c_fit,q_80,w_636/fb15e395b7d0333ad5109e7ec9aff664.jpg"" /><p>The Centers for Medicare and Medicaid Services (CMS) just shared a preliminary list of generic drugs it plans to make available to Medicare recipients for $2 in a pilot program.<br /></p><p><a href=""https://qz.com/medicare-2-drug-list-medicaid-1851668732"">Read more...</a></p>","2024-10-09 14:49:14","https://qz.com/medicare-2-drug-list-medicaid-1851668732"
68,"CVS and UnitedHealth want FTC Chair Lina Khan to recuse herself from a case over insulin prices","<img class=""type:primaryImage"" src=""https://i.kinja-img.com/image/upload/c_fit,q_80,w_636/912dbca0178a290818193e1f983ee712.jpg"" /><p>CVS (<a class=""sc-1out364-0 dPMosf sc-145m8ut-0 lcFFec js_link"" href=""https://qz.com/quote/CVS"" rel=""noopener noreferrer"" target=""_blank"">CVS</a>) and UnitedHealth Group (<a class=""sc-1out364-0 dPMosf sc-145m8ut-0 lcFFec js_link"" href=""https://qz.com/quote/UNH"" rel=""noopener noreferrer"" target=""_blank"">UNH</a>) on Tuesday demanded that Federal Trade Commission (FTC) Chair Lina Khan and two other commissioners recuse themselves from the agency’s lawsuit against the companies, accusing them of “blatant bias.”</p><p><a href=""https://qz.com/cvs-united-health-lina-khan-ftc-chair-recuse-lawsuit-1851668687"">Read more...</a></p>","2024-10-09 14:45:00","https://qz.com/cvs-united-health-lina-khan-ftc-chair-recuse-lawsuit-1851668687"
69,"An HBO documentary says Peter Todd is the Bitcoin creator known as Satoshi Nakamoto. He denies it","<img class=""type:primaryImage"" src=""https://i.kinja-img.com/image/upload/c_fit,q_80,w_636/4046de6574a7a5aa7932ebeccd7008b5.png"" /><p>Who created Bitcoin? Is it finally known? Perhaps not. </p><p><a href=""https://qz.com/hbo-documentary-claims-peter-todd-bitcoin-creator-satos-1851668667"">Read more...</a></p>","2024-10-09 14:22:06","https://qz.com/hbo-documentary-claims-peter-todd-bitcoin-creator-satos-1851668667"
70,"Nvidia's stock surge sent its market cap past Microsoft's and close to a record high","<img class=""type:primaryImage"" src=""https://i.kinja-img.com/image/upload/c_fit,q_80,w_636/d13dbd591cd76f288d66fc89a6104279.jpg"" /><p><a class=""sc-1out364-0 dPMosf sc-145m8ut-0 lcFFec js_link"" href=""https://qz.com/nvidia-stock-ai-chips-market-cap-1851647728"" rel=""noopener noreferrer"" target=""_blank"">Nvidia stock</a> seems to be climbing back to its record high close from June.</p><p><a href=""https://qz.com/nvidia-stock-market-cap-apple-microsoft-ai-chips-1851668601"">Read more...</a></p>","2024-10-09 14:19:00","https://qz.com/nvidia-stock-market-cap-apple-microsoft-ai-chips-1851668601"
71,"Disneyland is raising prices — again","<img class=""type:primaryImage"" src=""https://i.kinja-img.com/image/upload/c_fit,q_80,w_636/edc3a130c5dd28279b5013f0d230b185.jpg"" /><p><a class=""sc-1out364-0 dPMosf sc-145m8ut-0 lcFFec js_link"" href=""https://qz.com/disneyland-magic-united-workers-group-unionize-1851487221"" rel=""noopener noreferrer"" target=""_blank"">Disneyland</a> is raising its prices <a class=""sc-1out364-0 dPMosf sc-145m8ut-0 lcFFec js_link"" href=""https://qz.com/disney-world-food-prices-increases-inflation-1851538692/slides/4"" rel=""noopener noreferrer"" target=""_blank"">again</a>, implementing increases across the board and for its highest-demand days.<br /></p><p><a href=""https://qz.com/disneyland-raised-its-prices-again-1851668643"">Read more...</a></p>","2024-10-09 14:15:00","https://qz.com/disneyland-raised-its-prices-again-1851668643"
72,"GM swears it really will make money on electric cars soon","<img class=""type:primaryImage"" src=""https://i.kinja-img.com/image/upload/c_fit,q_80,w_636/5e691a992b1fa455cbf151a0276c85b5.jpg"" /><p>America’s Big Three are having a tough time in the pivot to electric vehicles. <a class=""sc-1out364-0 dPMosf sc-145m8ut-0 lcFFec js_link"" href=""https://jalopnik.com/ford-s-ev-unit-has-already-lost-2-5-billion-this-year-1851607399"">Ford has lost billions through its EV</a> production, Stellantis has faced issues <a class=""sc-1out364-0 dPMosf sc-145m8ut-0 lcFFec js_link"" href=""https://jalopnik.com/fiat-500e-sales-are-so-bad-stellantis-ceo-has-to-talk-t-1851663344"">shifting its battery-powered models</a> and General Motors previously announced a <a class=""sc-1out364-0 dPMosf sc-145m8ut-0 lcFFec js_link"" href=""https://jalopnik.com/these-are-gms-previous-attempts-at-selling-hybrids-1851224293"">renewed interest in hybrids because EVs weren’t selling</a> in the number it hoped. Now,…</p><p><a href=""https://qz.com/gm-general-motors-mary-barra-electric-car-sales-evs-1851668627"">Read more...</a></p>","2024-10-09 13:49:03","https://qz.com/gm-general-motors-mary-barra-electric-car-sales-evs-1851668627"
163,"How Punjabi megastar Diljit Dosanjh is inspiring the next gen","The biggest Punjabi singer in the world brings his Dil-Luminati tour to the UK.","2024-09-21 23:51:46","https://www.bbc.com/news/articles/cwy9gln6lz6o"
74,"The Boeing strike has no end in sight","<img class=""type:primaryImage"" src=""https://i.kinja-img.com/image/upload/c_fit,q_80,w_636/3236c0d8fa87025eed55df183b815f75.jpg"" /><p>Boeing (<a class=""sc-1out364-0 dPMosf sc-145m8ut-0 lcFFec js_link"" href=""https://qz.com/quote/BA"" rel=""noopener noreferrer"" target=""_blank"">BA</a>) on Tuesday withdrew its latest offer to union machinists after negotiations broke down as their <a class=""sc-1out364-0 dPMosf sc-145m8ut-0 lcFFec js_link"" href=""https://qz.com/boeing-machinis-union-labor-strike-contract-wages-1851647608"" rel=""noopener noreferrer"" target=""_blank"">strike heads into its fourth week</a>. </p><p><a href=""https://qz.com/boeing-strike-union-talks-fail-credit-rating-cash-burn-1851668497"">Read more...</a></p>","2024-10-09 13:30:21","https://qz.com/boeing-strike-union-talks-fail-credit-rating-cash-burn-1851668497"
75,"Costco's conundrum: How to compete online without killing that 'treasure hunt' vibe","<img class=""type:primaryImage"" src=""https://i.kinja-img.com/image/upload/c_fit,q_80,w_636/0c672590f6132062d82b310a09a90df7.jpg"" /><p>As <a class=""sc-1out364-0 dPMosf sc-145m8ut-0 lcFFec js_link"" href=""https://qz.com/costco-platinum-bars-gold-and-silver-retail-consumers-1851663436"" rel=""noopener noreferrer"" target=""_blank"">Costco Wholesale</a> (<a class=""sc-1out364-0 dPMosf sc-145m8ut-0 lcFFec js_link"" href=""https://qz.com/quote/COST"" rel=""noopener noreferrer"" target=""_blank"">COST</a>) ventures further into e-commerce, it faces the daunting task of expanding its online presence without sacrificing the unique “treasure hunt” shopping experience that defines its warehouses.<br /></p><p><a href=""https://qz.com/can-costco-compete-online-without-killing-the-treasure-1851668136"">Read more...</a></p>","2024-10-09 13:10:35","https://qz.com/can-costco-compete-online-without-killing-the-treasure-1851668136"
76,"Mortgage rates are rising again","<img class=""type:primaryImage"" src=""https://i.kinja-img.com/image/upload/c_fit,q_80,w_636/f80bfd9c39ad978cc76190ecd9eeca81.jpg"" /><p>Mortgage rates are once again trending upwards.</p><p><a href=""https://qz.com/mortgage-rates-mba-housing-market-loan-volume-1851668526"">Read more...</a></p>","2024-10-09 13:05:00","https://qz.com/mortgage-rates-mba-housing-market-loan-volume-1851668526"
77,"Google might get broken up after its big antitrust loss","<img class=""type:primaryImage"" src=""https://i.kinja-img.com/image/upload/c_fit,q_80,w_636/21cab8cf1fea0f8c84ac84423a5cfd1a.jpg"" /><p>The Department of Justice could consider breaking up Google (<a class=""sc-1out364-0 dPMosf sc-145m8ut-0 lcFFec js_link"" href=""https://qz.com/quote/GOOGL"" rel=""noopener noreferrer"" target=""_blank"">GOOGL</a>), after a federal judge ruled in August that the tech giant <a class=""sc-1out364-0 dPMosf sc-145m8ut-0 lcFFec js_link"" href=""https://qz.com/google-loses-tech-antitrust-case-1851613659"" rel=""noopener noreferrer"" target=""_blank"">monopolized the online search engine market</a>.<br /></p><p><a href=""https://qz.com/google-alphabet-doj-antitrust-search-engine-monopoly-1851668496"">Read more...</a></p>","2024-10-09 12:30:00","https://qz.com/google-alphabet-doj-antitrust-search-engine-monopoly-1851668496"
78,"The 10 most valuable private companies in the world","<img class=""type:primaryImage"" src=""https://i.kinja-img.com/image/upload/c_fit,q_80,w_636/25ef1a59ba15be1aae51a3f42d5941bd.jpg"" /><p>In the startup world, a ‘unicorn’ is a private company valued at $1 billion or more — and it’s a status all aspiring firms dream of achieving.</p><p><a href=""https://qz.com/unicorn-startup-private-company-openai-bytedance-spacex-1851666550"">Read more...</a></p>","2024-10-09 09:00:00","https://qz.com/unicorn-startup-private-company-openai-bytedance-spacex-1851666550"
79,"15 cities with the most expensive fast food in America","<img class=""type:primaryImage"" src=""https://i.kinja-img.com/image/upload/c_fit,q_80,w_636/0702fef9394f5e957d721bfdca167df2.jpg"" /><p>Inflation has <a class=""sc-1out364-0 dPMosf sc-145m8ut-0 lcFFec js_link"" href=""https://qz.com/walmart-target-costco-home-depot-lowes-retail-inflation-1851629124?_gl=1*yjrk0*_ga*MTIwNzMxNDYwMS4xNzE2MTMzMDkz*_ga_V4QNJTT5L0*MTcyNjY5NjM4NC4yMS4xLjE3MjY2OTgzMzMuNjAuMC4w"" rel=""noopener noreferrer"" target=""_blank"">taken a bite</a> out of more than just the economy – it’s also <a class=""sc-1out364-0 dPMosf sc-145m8ut-0 lcFFec js_link"" href=""https://qz.com/mcdonalds-5-meal-deal-psychological-success-1851648326?_gl=1*yjrk0*_ga*MTIwNzMxNDYwMS4xNzE2MTMzMDkz*_ga_V4QNJTT5L0*MTcyNjY5NjM4NC4yMS4xLjE3MjY2OTgzMzMuNjAuMC4w"" rel=""noopener noreferrer"" target=""_blank"">gnawing</a> at America’s favorite meal: a burger, fries, and soda.<br /></p><p><a href=""https://qz.com/fast-food-prices-most-expensive-us-1851650418"">Read more...</a></p>","2024-10-09 09:00:00","https://qz.com/fast-food-prices-most-expensive-us-1851650418"
80,"Ozempic and prescription weight loss drugs: How they work, what they cost, side effects, and everything to know","<img class=""type:primaryImage"" src=""https://i.kinja-img.com/image/upload/c_fit,q_80,w_636/56560acaab1c21d2c98a0b2c623220df.jpg"" /><p>A highly effective class of weight loss drug has taken the world by storm, as medications like <a class=""sc-1out364-0 dPMosf sc-145m8ut-0 lcFFec js_link"" href=""https://qz.com/ozempic-weight-loss-drug-novo-nordisk-1851483167"" rel=""noopener noreferrer"" target=""_blank"">Ozempic</a>, <a class=""sc-1out364-0 dPMosf sc-145m8ut-0 lcFFec js_link"" href=""https://qz.com/wegovy-weight-loss-drug-novo-nordisk-study-1851476027"" rel=""noopener noreferrer"" target=""_blank"">Wegovy</a>, and <a class=""sc-1out364-0 dPMosf sc-145m8ut-0 lcFFec js_link"" href=""https://qz.com/eli-lilly-zepbound-fda-shortage-over-1851664423"" rel=""noopener noreferrer"" target=""_blank"">Zepbound</a> become household names. These drugs, originally meant to treat diabetes, have become widely known for their slimming side effects.<br /></p><p><a href=""https://qz.com/ozempic-wegovy-zepbound-weight-loss-drugs-cost-effects-1851660134"">Read more...</a></p>","2024-10-09 09:00:00","https://qz.com/ozempic-wegovy-zepbound-weight-loss-drugs-cost-effects-1851660134"
81,"Hurricane Milton is dealing Allegiant Air a double-whammy of cancellations","<img class=""type:primaryImage"" src=""https://i.kinja-img.com/image/upload/c_fit,q_80,w_636/b625d0892c8a87639a6a07eb3cef58c4.jpg"" /><p>As Hurricane Milton barrels toward the Tampa Bay, Florida, area, budget carrier Allegiant Air (<a class=""sc-1out364-0 dPMosf sc-145m8ut-0 lcFFec js_link"" href=""https://qz.com/quote/ALGT"" rel=""noopener noreferrer"" target=""_blank"">ALGT</a>) is facing major disruptions on multiple fronts. Plane-tracking site FlightAware says the company has <a class=""sc-1out364-0 dPMosf sc-145m8ut-0 lcFFec js_link"" href=""https://www.flightaware.com/live/cancelled/today"" rel=""noopener noreferrer"" target=""_blank"">canceled 63% of its Wednesday flights</a> and 43% of its Thursday ones — plus, the company’s troubled southwest Florida…</p><p><a href=""https://qz.com/hurricane-milton-allegiant-air-sunseeker-resort-1851668729"">Read more...</a></p>","2024-10-09 04:35:00","https://qz.com/hurricane-milton-allegiant-air-sunseeker-resort-1851668729"
82,"Domino's brings back 'emergency pizza' promotion that drove sales","<img class=""type:primaryImage"" src=""https://i.kinja-img.com/image/upload/c_fit,q_80,w_636/a7730e3eed3baeb60266658baba7aa18.jpg"" /><p>Pizza is an emergency. At least, Domino’s thinks so.<br /></p><p><a href=""https://qz.com/domino-emergency-pizza-promo-sales-driver-retail-1851668274"">Read more...</a></p>","2024-10-08 21:05:00","https://qz.com/domino-emergency-pizza-promo-sales-driver-retail-1851668274"
168,"Kolkata night protest: 'Today I witnessed history'","A young woman was among thousands who took part in a march in India's West Bengal. This is what she saw.","2024-08-15 10:22:01","https://www.bbc.com/news/videos/ce3106yz19do"
83,"Americans are slowing down on their credit card spending — here’s why","<img class=""type:primaryImage"" src=""https://i.kinja-img.com/image/upload/c_fit,q_80,w_636/daf3ac95f34c35d8c412f3ed0452fc3c.jpg"" /><p> Americans are slowing down on their <a class=""sc-1out364-0 dPMosf sc-145m8ut-0 lcFFec js_link"" href=""https://qz.com/credit-cards-jd-power-rankings-points-miles-fees-1851623205"" rel=""noopener noreferrer"" target=""_blank"">credit card</a> purchases, according to <a class=""sc-1out364-0 dPMosf sc-145m8ut-0 lcFFec js_link"" href=""https://www.federalreserve.gov/releases/g19/current/"" rel=""noopener noreferrer"" target=""_blank"">recent data from the Federal Reserve’s consumer credit report</a>.<br /></p><p><a href=""https://qz.com/credit-card-spending-is-slowing-among-consumers-heres-1851667829"">Read more...</a></p>","2024-10-08 19:35:00","https://qz.com/credit-card-spending-is-slowing-among-consumers-heres-1851667829"
84,"Lyft rolls out new payment measures to gain more drivers","<img class=""type:primaryImage"" src=""https://i.kinja-img.com/image/upload/c_fit,q_80,w_636/adf17bcc0a24692bb1b102311069f92c.jpg"" /><p><a class=""sc-1out364-0 dPMosf sc-145m8ut-0 lcFFec js_link"" href=""https://qz.com/lyft-layoffs-citibike-ebikes-1851639456"" rel=""noopener noreferrer"" target=""_blank"">Lyft</a> says it plans to attract more drivers to its ride-hailing platform by unveiling new payment measures for longer-than-estimated rides. These measures from the company come as Lyft (<a class=""sc-1out364-0 dPMosf sc-145m8ut-0 lcFFec js_link"" href=""https://qz.com/quote/LYFT"" rel=""noopener noreferrer"" target=""_blank"">LYFT</a>) is looking to entice new drivers and retain current drivers on its platform.</p><p><a href=""https://qz.com/lyft-will-start-charging-riders-extra-if-they-make-driv-1851667604"">Read more...</a></p>","2024-10-08 18:59:59","https://qz.com/lyft-will-start-charging-riders-extra-if-they-make-driv-1851667604"
85,"FAANG and data center stocks are a buy to cash in on AI's next phase, strategist says","<img class=""type:primaryImage"" src=""https://i.kinja-img.com/image/upload/c_fit,q_80,w_636/519c11d1832ea37c102116156c28cd9c.jpg"" /><p>Tejas Dessai, director of research at Global X, spoke with Quartz for the latest installment of our “Smart Investing” video series.</p><p><a href=""https://qz.com/faang-data-center-stocks-cash-in-on-ais-next-phase-1851668061"">Read more...</a></p>","2024-10-08 18:29:00","https://qz.com/faang-data-center-stocks-cash-in-on-ais-next-phase-1851668061"
86,"Luxury car sales are tanking as drivers look for cheaper options","<img class=""type:primaryImage"" src=""https://i.kinja-img.com/image/upload/c_fit,q_80,w_636/0bd44e28068f3d7fa06f027fea24f365.jpg"" /><p>After years of buying expensive vehicles and looking for luxury, more and more consumers are going all-in on cheaper — but reliable — cars that just get the job done well.<br /></p><p><a href=""https://qz.com/cheap-affordable-vehicle-sales-grow-luxury-fall-prices-1851667915"">Read more...</a></p>","2024-10-08 18:25:58","https://qz.com/cheap-affordable-vehicle-sales-grow-luxury-fall-prices-1851667915"
87,"All the airports closing for Hurricane Milton","<img class=""type:primaryImage"" src=""https://i.kinja-img.com/image/upload/c_fit,q_80,w_636/fd018ec318da5ddf74be954fe82ce771.jpg"" /><p>As <a class=""sc-1out364-0 dPMosf sc-145m8ut-0 lcFFec js_link"" href=""https://www.nhc.noaa.gov/text/refresh/MIATCPAT4+shtml/081455.shtml"" rel=""noopener noreferrer"" target=""_blank"">category-4 Hurricane Milton</a> barrels toward Florida with an expected landfall occurring Wednesday morning, many of the state’s most heavily trafficked airports are shutting down operations. Among them are <a class=""sc-1out364-0 dPMosf sc-145m8ut-0 lcFFec js_link"" href=""https://www.orlandoairports.net/press/2024/10/07/hurricane-milton-update-2-orlando-international-to-cease-commercial-operations-8-am-wednesday-october-9/"" rel=""noopener noreferrer"" target=""_blank"">Orlando International Airport</a> and <a class=""sc-1out364-0 dPMosf sc-145m8ut-0 lcFFec js_link"" href=""https://news.tampaairport.com/tampa-international-airport-will-suspend-operations-early-tuesday-ahead-of-hurricane-milton/"" rel=""noopener noreferrer"" target=""_blank"">Tampa International Airport</a>.</p><p><a href=""https://qz.com/hurricane-milton-airport-closures-orlando-tampa-1851667895"">Read more...</a></p>","2024-10-08 17:58:00","https://qz.com/hurricane-milton-airport-closures-orlando-tampa-1851667895"
88,"The next Nvidia? Data center stocks could be a goldmine, strategist says","<img class=""type:primaryImage"" src=""https://i.kinja-img.com/image/upload/c_fit,q_80,w_636/f899b71ce3b54e363dd6b6f293742e77.jpg"" /><p><a href=""https://qz.com/next-nvidia-data-center-companies-could-be-a-goldmine-1851668022"">Read more...</a></p>","2024-10-08 17:46:00","https://qz.com/next-nvidia-data-center-companies-could-be-a-goldmine-1851668022"
89,"Home Depot says corporate employees have to try working in actual stores","<img class=""type:primaryImage"" src=""https://i.kinja-img.com/image/upload/c_fit,q_80,w_636/bb32aba528dff93fc9975bc17aa0e089.jpg"" /><p>Home Depot (<a class=""sc-1out364-0 dPMosf sc-145m8ut-0 lcFFec js_link"" href=""https://qz.com/quote/HD"" rel=""noopener noreferrer"" target=""_blank"">HD</a>) wants its corporate employees to gain insight into the daily challenges faced by its in-store associates. </p><p><a href=""https://qz.com/home-depot-corp-employees-work-in-store-shift-retail-1851667924"">Read more...</a></p>","2024-10-08 17:25:00","https://qz.com/home-depot-corp-employees-work-in-store-shift-retail-1851667924"
90,"Look inside Clint Eastwood’s California home that just sold for more than $18 million","<img class=""type:primaryImage"" src=""https://i.kinja-img.com/image/upload/c_fit,q_80,w_636/58ad1ebaff7c2f6a9f15eb37b91da9c1.jpg"" /><p>Academy Award-winning actor Clint Eastwood’s former home in Carmel-by-the-Sea, California sold for $18.55 million after going on the market for $21 million earlier this year.<br /></p><p><a href=""https://qz.com/clint-eastwoods-former-home-sells-18-55-million-1851667945"">Read more...</a></p>","2024-10-08 17:09:00","https://qz.com/clint-eastwoods-former-home-sells-18-55-million-1851667945"
91,"WeightWatchers is getting in on the off-brand weight loss drug game — and selling them cheap","<img class=""type:primaryImage"" src=""https://i.kinja-img.com/image/upload/c_fit,q_80,w_636/3d2827dfea4aa3351f12bbe24f36db57.jpg"" /><p><a class=""sc-1out364-0 dPMosf sc-145m8ut-0 lcFFec js_link"" href=""https://qz.com/ozempic-wegovy-zepbound-weight-loss-drugs-cost-effects-1851660134"" rel=""noopener noreferrer"" target=""_blank"">Ozempic and prescription weight loss drugs: How they work, what they cost, side effects, and everything to know</a><br /></p><p><a href=""https://qz.com/weight-watchers-compounded-semaglutide-1851667926"">Read more...</a></p>","2024-10-08 16:59:55","https://qz.com/weight-watchers-compounded-semaglutide-1851667926"
92,"A self-driving truck startup wants Waymo, Cruise, and others to follow its lead on safety","<img class=""type:primaryImage"" src=""https://i.kinja-img.com/image/upload/c_fit,q_80,w_636/95744c2614e6969decf943146d03ac7b.jpg"" /><p>Self-driving truck startup Gatik on Thursday announced plans for what it calls the “most rigorous” third-party review of an autonomous driving system. And it wants others to follow its lead.</p><p><a href=""https://qz.com/gatik-av-self-driving-trucks-safety-waymo-cruise-tesla-1851663459"">Read more...</a></p>","2024-10-08 16:02:00","https://qz.com/gatik-av-self-driving-trucks-safety-waymo-cruise-tesla-1851663459"
164,"Hema committee report: Why are India's biggest film stars silent?","The stars’ silence on a report exposing poor working conditions and sexual harassment in Kerala’s film industry is deafening, say critics.","2024-09-19 21:39:03","https://www.bbc.com/news/articles/cn9dgjd8rewo"
93,"Kamala Harris wants Medicare to help cover in-home eldercare. Here's how she plans to pay for it","<img class=""type:primaryImage"" src=""https://i.kinja-img.com/image/upload/c_fit,q_80,w_636/8612b60ad2556daa27ff05e32ac4be69.jpg"" /><p><a class=""sc-1out364-0 dPMosf sc-145m8ut-0 lcFFec js_link"" href=""https://qz.com/ozempic-wegovy-zepbound-weight-loss-drugs-cost-effects-1851660134"" rel=""noopener noreferrer"" target=""_blank"">Ozempic and prescription weight loss drugs: How they work, what they cost, side effects, and everything to know</a></p><p><a href=""https://qz.com/kamala-harris-eldercare-funding-medicare-1851667707"">Read more...</a></p>","2024-10-08 15:04:00","https://qz.com/kamala-harris-eldercare-funding-medicare-1851667707"
94,"Two AI pioneers won the Nobel Prize for their work in machine learning","<img class=""type:primaryImage"" src=""https://i.kinja-img.com/image/upload/c_fit,q_80,w_636/e04614969ced71971ea04833d265cc11.jpg"" /><p>Two artificial intelligence pioneers were awarded the Nobel Prize  for their work in machine learning, which laid the foundation for the current AI boom.</p><p><a href=""https://qz.com/ai-geoffrey-hinton-john-hopfield-machine-learning-nobel-1851667556"">Read more...</a></p>","2024-10-08 14:43:00","https://qz.com/ai-geoffrey-hinton-john-hopfield-machine-learning-nobel-1851667556"
95,"Toyota is delaying plans to make electric cars in America","<img class=""type:primaryImage"" src=""https://i.kinja-img.com/image/upload/c_fit,q_80,w_636/79e8703b26d7cf51de9bd4a119f0d820.png"" /><p><a class=""sc-1out364-0 dPMosf sc-145m8ut-0 lcFFec js_link"" href=""https://jalopnik.com/car-buying/toyota"">Toyota</a> is delaying the production of its <a class=""sc-1out364-0 dPMosf sc-145m8ut-0 lcFFec js_link"" href=""https://jalopnik.com/toyota-slashes-its-already-low-ev-targets-1851641641"">first U.S.-made electric vehicle until 2026</a> at the earliest. Still, it says it’s going to sell as many as seven all-electric vehicles here within the next two years. It’s going to be very interesting to see if that actually happens with the <a class=""sc-1out364-0 dPMosf sc-145m8ut-0 lcFFec js_link"" href=""https://jalopnik.com/ditching-evs-for-hybrids-is-already-paying-off-for-auto-1851640422"">EV market being as unpredictable</a> as…</p><p><a href=""https://qz.com/toyotal-evs-electric-cars-hybrids-us-production-1851667677"">Read more...</a></p>","2024-10-08 14:41:05","https://qz.com/toyotal-evs-electric-cars-hybrids-us-production-1851667677"
96,"Bitcoin creator Satoshi Nakamoto unmasked: Will HBO reveal who really made the cryptocurrency?","<img class=""type:primaryImage"" src=""https://i.kinja-img.com/image/upload/c_fit,q_80,w_636/6a363a034e712602ee791f42e5a75cbb.jpg"" /><p>HBO’s (<a class=""sc-1out364-0 dPMosf sc-145m8ut-0 lcFFec js_link"" href=""https://qz.com/quote/WBD"" rel=""noopener noreferrer"" target=""_blank"">WBD</a>) latest documentary, “<a class=""sc-1out364-0 dPMosf sc-145m8ut-0 lcFFec js_link"" href=""https://www.hbo.com/movies/money-electric-the-bitcoin-mystery"" rel=""noopener noreferrer"" target=""_blank"">Money Electric: The Bitcoin Mystery</a>,” premiering Tuesday, <a class=""sc-1out364-0 dPMosf sc-145m8ut-0 lcFFec js_link"" href=""https://qz.com/hbo-documentary-bitcoin-creator-satoshi-nakamoto-1851666819?_gl=1*k9nmcw*_ga*MTU2MDE5NDI5OS4xNzI3NzIxMzUz*_ga_V4QNJTT5L0*MTcyODM5NzM1NC4zMi4xLjE3MjgzOTczODEuMzMuMC4w"" rel=""noopener noreferrer"" target=""_blank"">promises to delve into one of the greatest enigmas of the digital age: the identity of Bitcoin’s elusive creator</a>, believed to be among the richest and most enigmatic individuals on the planet.<br /></p><p><a href=""https://qz.com/bitcoin-creator-satoshi-nakamoto-hbo-documentary-1851667608"">Read more...</a></p>","2024-10-08 14:25:35","https://qz.com/bitcoin-creator-satoshi-nakamoto-hbo-documentary-1851667608"
97,"Even a grocery store is offering free streaming perks now","<img class=""type:primaryImage"" src=""https://i.kinja-img.com/image/upload/c_fit,q_80,w_636/fba2ae1b42a767e45897a9872cd060ca.jpg"" /><p>Kroger (<a class=""sc-1out364-0 dPMosf sc-145m8ut-0 lcFFec js_link"" href=""https://qz.com/quote/KR"" rel=""noopener noreferrer"" target=""_blank"">KR</a>), the nation’s largest grocer, is now helping cover some of its customers’ streaming subscriptions.<br /></p><p><a href=""https://qz.com/kroger-disney-plus-membership-streaming-1851667620"">Read more...</a></p>","2024-10-08 14:12:00","https://qz.com/kroger-disney-plus-membership-streaming-1851667620"
98,"10 cities where low mortgage rates have homeowners locked in 'golden handcuffs'","<img class=""type:primaryImage"" src=""https://i.kinja-img.com/image/upload/c_fit,q_80,w_636/a7da16e68789dadee277991c3c0f5d7d.jpg"" /><p>Despite signs that the <a class=""sc-1out364-0 dPMosf sc-145m8ut-0 lcFFec js_link"" href=""https://qz.com/housing-market-mortgage-rates-lock-in-effect-listings-1851632607?rev=1724771767980"" rel=""noopener noreferrer"" target=""_blank"">“lock-in” effect is beginning to fade</a>, many homeowners that snagged rock-bottom mortgage rates during the pandemic are still waiting on rates to fall again before making a move.<br /></p><p><a href=""https://qz.com/homeowners-mortgage-rates-golden-handcuffs-lock-in-1851667517"">Read more...</a></p>","2024-10-08 14:00:00","https://qz.com/homeowners-mortgage-rates-golden-handcuffs-lock-in-1851667517"
99,"Tesla's big robotaxi event might not even have real cars","<img class=""type:primaryImage"" src=""https://i.kinja-img.com/image/upload/c_fit,q_80,w_636/b0d96357fc1c11f2f90813c8ba7bc07e.jpg"" /><p><a class=""sc-1out364-0 dPMosf sc-145m8ut-0 lcFFec js_link"" href=""https://jalopnik.com/tesla-can-t-even-make-full-self-driving-work-in-a-tunne-1851634303"">Tesla</a> has big plans to release a <a class=""sc-1out364-0 dPMosf sc-145m8ut-0 lcFFec js_link"" href=""https://jalopnik.com/a-robotaxi-wont-solve-teslas-mounting-issues-1851473930"">company-saving robotaxi</a> next week, leveraging the <a class=""sc-1out364-0 dPMosf sc-145m8ut-0 lcFFec js_link"" href=""https://jalopnik.com/even-elon-musk-s-lawyers-don-t-think-autonomous-teslas-1851665228"">incredible advantage in autonomous technology</a> that <a class=""sc-1out364-0 dPMosf sc-145m8ut-0 lcFFec js_link"" href=""https://jalopnik.com/tesla-s-full-self-driving-tech-isn-t-just-around-the-c-1851485259"">the company swears it has</a> in order to prevent <a class=""sc-1out364-0 dPMosf sc-145m8ut-0 lcFFec js_link"" href=""https://jalopnik.com/silicon-valley-tech-bros-are-out-on-tesla-1851651247"">the whole house of cards from tumbling down</a>. The Tesla faithful hoping to see a real life robotaxi might be disappointed, however: New…</p><p><a href=""https://qz.com/tesla-robotaxi-event-elon-musk-self-driving-cars-evs-1851667564"">Read more...</a></p>","2024-10-08 13:28:25","https://qz.com/tesla-robotaxi-event-elon-musk-self-driving-cars-evs-1851667564"
100,"SpaceX says it could launch Starship soon if the FAA lets it","<img class=""type:primaryImage"" src=""https://i.kinja-img.com/image/upload/c_fit,q_80,w_636/e67c1a1babb5c373196357f7590990c8.jpg"" /><p>Elon Musk’s SpaceX has said it could launch its next test of the Starship megarocket as soon as Oct. 13 — as long as it gets regulatory approval from the Federal Aviation Administration (FAA).</p><p><a href=""https://qz.com/spacex-starship-rocket-fifth-launch-test-elon-musk-faa-1851667523"">Read more...</a></p>","2024-10-08 13:15:00","https://qz.com/spacex-starship-rocket-fifth-launch-test-elon-musk-faa-1851667523"
117,"Virginia voter roll removal process violates federal law, groups allege — state fires back","A lawsuit alleges that voter roll maintenance efforts in Virginia violate federal law, but the state stands ready to defend its practices.","2024-10-09 10:45:30","https://www.foxnews.com/politics/lawsuit-decries-virginia-process-purge-noncitizens-from-voter-rolls"
101,"Uber will use ChatGPT to get more people to use EVs","<img class=""type:primaryImage"" src=""https://i.kinja-img.com/image/upload/c_fit,q_80,w_636/2d6d7bca90e7c3b1a690761e879150ba.jpg"" /><p>Uber (<a class=""sc-1out364-0 dPMosf sc-145m8ut-0 lcFFec js_link"" href=""https://qz.com/quote/UBER"" rel=""noopener noreferrer"" target=""_blank"">UBER</a>) is looking to encourage users and drivers to opt for electric vehicles.<br /></p><p><a href=""https://qz.com/uber-green-electric-vehicles-evs-ai-assistant-1851667513"">Read more...</a></p>","2024-10-08 13:13:47","https://qz.com/uber-green-electric-vehicles-evs-ai-assistant-1851667513"
102,"Everything to know about Nvidia, from the stock to its AI chips","<img class=""type:primaryImage"" src=""https://i.kinja-img.com/image/upload/c_fit,q_80,w_636/e989a78d92952961ce408539c230caf9.jpg"" /><p><a class=""sc-1out364-0 dPMosf sc-145m8ut-0 lcFFec js_link"" href=""https://qz.com/nvidia-history-origin-ai-chip-jensen-huang-1851372906"" rel=""noopener noreferrer"" target=""_blank"">Nvidia</a> has emerged as one of the hottest <a class=""sc-1out364-0 dPMosf sc-145m8ut-0 lcFFec js_link"" href=""https://qz.com/ai-artificial-intelligence-glossary-vocabulary-terms-1851422473"" rel=""noopener noreferrer"" target=""_blank"">artificial intelligence</a> stocks on the market. The 31-year-old company’s meteoric rise is largely due to <a class=""sc-1out364-0 dPMosf sc-145m8ut-0 lcFFec js_link"" href=""https://qz.com/ai-stocks-dot-com-bubble-nvidia-google-microsoft-amazon-1851407019"" rel=""noopener noreferrer"" target=""_blank"">the recent AI boom</a>, which revealed the unexpected potential of its core product, the graphics processing units (GPUs), for AI development.<br /></p><p><a href=""https://qz.com/nvidia-stock-ai-chips-market-cap-1851647728"">Read more...</a></p>","2024-10-08 09:00:00","https://qz.com/nvidia-stock-ai-chips-market-cap-1851647728"
103,"Same poll taken one month apart shows which presidential candidate has momentum in key states","With less than four weeks until Election Day, new polls in three crucial battleground states indicate a coin toss race between Vice President Kamala Harris and former President Trump.","2024-10-09 16:14:43","https://www.foxnews.com/politics/same-poll-taken-one-month-apart-shows-which-presidential-candidate-has-momentum-key-states"
104,"Harris risks losing crucial battleground state due to Biden's gas export pause, as Dems plead to change course","Kamala Harris is facing a growing chorus of bipartisan pressure to undo Biden&apos;s LNG pause ahead of Election Day, or risk her chances in the must-win swing state of Pennsylvania.","2024-10-09 16:14:05","https://www.foxnews.com/politics/harris-risks-losing-crucial-battleground-state-due-bidens-gas-export-pause-dems-plead-change-course"
105,"Vance’s Midwestern roots appeal to Michigan swing-county voters despite Buckeye ties","Ohio Sen. JD Vance can help former President Donald Trump win Michigan thanks to his Midwestern upbringing, which will appeal to voters in the critical swing state.","2024-10-09 16:03:12","https://www.foxnews.com/politics/vances-midwestern-roots-appeal-michigan-swing-county-voters-despite-buckeye-ties"
106,"Trump vs Harris Round 2? Voters in key GA county reveal if they want second debate","Voters in Cobb County, Georgia, spoke with Fox News Digital about whether they would want to see another debate between former President Trump and Vice President Harris.","2024-10-09 13:37:44","https://www.foxnews.com/politics/trump-vs-harris-round-2-voters-key-ga-county-reveal-they-want-second-debate"
107,"Biden and Netanyahu speak after report US president called Israeli counterpart a ‘bad f---ing guy’","President Biden and Israeli Prime Minister Benjamin Netanyahu spoke by phone on Wednesday for the first time in more than 50 days.","2024-10-09 15:33:57","https://www.foxnews.com/politics/biden-netanyahu-speak-after-report-us-president-called-israeli-counterpart-bad-fing-guy"
108,"Afghan national charged with Election Day terror plot reignites vetting concerns: ‘Glaring alarms’","The arrest of an Afghan national, who came to the U.S. after the withdrawal from Afghanistan in 2021, on terror charges is refueling concerns about the vetting of those who arrived.","2024-10-09 15:03:01","https://www.foxnews.com/politics/afghan-national-charged-election-day-terror-plot-reignites-vetting-concerns-glaring-alarms"
109,"Colorado Supreme Court dismisses lawsuit against Christian baker who refused to bake trans cake","The Colorado Supreme Court dismissed another lawsuit against Masterpiece Cakeshop&apos;s Jack Phillips, who faced accusations of discrimination for refusing to bake a custom cake.","2024-10-09 14:37:35","https://www.foxnews.com/politics/colorado-supreme-court-dismisses-lawsuit-against-christian-baker-who-refused-bake-trans-cake"
110,"Ohio Lt. Gov. encourages support for Trump’s ‘swamp the vote’ strategy as key state's early voting opens","Early voting began Tuesday in Ohio, where Fox News Digital spoke to the state&apos;s Republican Lt. Gov. Jon Husted about the GOP push to turn out the early vote.","2024-10-09 14:18:17","https://www.foxnews.com/politics/ohio-lt-gov-encourages-support-trumps-swamp-the-vote-strategy-key-state-early-voting-opens"
111,"Michigan Senate candidates clash on national security, immigration and abortion","U.S. Senate candidates Rep. Elissa Slotkin, D-Mich., and former GOP Congressman Mike Rogers faced off at a debate in Grand Rapids on Tuesday, clashing on several issues.","2024-10-09 13:16:40","https://www.foxnews.com/politics/michigan-senate-candidates-clash-national-security-immigration-abortion"
112,"FEMA reports it has under 10% of front-line staff available ahead of Hurricane Milton","FEMA indicated Wednesday that it has less than 10% of its staff available for deployment amid preparations for the second major hurricane to hit the Southeast this month.","2024-10-09 12:58:58","https://www.foxnews.com/politics/fema-has-under-ten-percent-staff-available-ahead-hurricane-milton"
113,"Kamala Harris' failure at 'prosecutor 101' basics led to hundreds of drug convictions being tossed out: expert","Kamala Harris faced a scandal in 2010 when she served as San Francisco district attorney, which resulted in her office dismissing an estimated 1,000 drug cases and convictions.","2024-10-09 11:55:21","https://www.foxnews.com/politics/kamala-harris-failure-prosecutor-101-basics-led-hundreds-drug-convictions-being-tossed-out-expert"
114,"Trump to hold rally at New York's Madison Square Garden ahead of Election Day","Former President Trump will hold a rally this month at New York City’s Madison Square Garden, Fox News Digital has confirmed.","2024-10-09 12:31:43","https://www.foxnews.com/politics/trump-hold-rally-new-yorks-madison-square-garden-ahead-election-day"
115,"Trump has 9-point lead on most important issue to voters: poll","A majority of voters say the economy is the most important issue going into the presidential election, and former President Trump holds a 9-point lead over Vice President Kamala Harris on the topic.","2024-10-09 12:10:34","https://www.foxnews.com/politics/trump-has-9-point-lead-most-important-issue-voters-poll"
116,"North Korean troops now fighting for Russia in Ukraine, Seoul says","North Korea is now sending troops to fight and die in Ukraine alongside Russian soldiers, according to Seoul’s defense minister, Kim Yong-hyun.","2024-10-09 11:44:17","https://www.foxnews.com/politics/north-korean-troops-now-fighting-russia-ukraine-seoul-says"
165,"Volunteers dying as Russia’s war dead tops 70,000","The governments of India and Nepal have called on Moscow to stop sending their citizens to Ukraine and repatriate the bodies of the dead.","2024-09-19 23:12:45","https://www.bbc.com/news/articles/cjr3255gpjgo"
119,"Swing state GOP chair slams Biden-Harris admin for being out of touch on key issue: 'Abandoned this country'","Fox News Digital spoke with Arizona GOP Chairwoman Gina Swoboda about VP Harris&apos; recent trip to the border, which Swoboda dismissed as a political &quot;photo op.&quot;","2024-10-09 10:16:29","https://www.foxnews.com/politics/swing-state-gop-chair-slams-biden-harris-admin-out-of-touch-key-issue"
120,"Election board in crucial swing state sued over dispute on who will monitor election results","The Fulton County, Georgia, board filed a lawsuit against the Georgia State Election Board this week over how to best monitor the election process in the 2024 election.","2024-10-09 09:58:54","https://www.foxnews.com/politics/election-board-in-crucial-swing-state-sued-over-dispute-on-who-will-monitor-election-results"
121,"As Gaza war drags past 1 year mark, hope fades for a deal to bring hostages home soon","For a year now, freeing the hostages taken by Hamas has been a top goal for Israel, but some 101 remain unaccounted for and the hope of a deal to get them home is waning quickly.","2024-10-09 09:40:36","https://www.foxnews.com/politics/gaza-war-israeli-hostage-deal-hope-fades"
122,"'Abandon Harris' group endorses Jill Stein over 'pro-genocide candidate' Kamala Harris","The Abandon Harris campaign endorsed Green Party candidate Jill Stein in the 2024 presidential election. The campaign accuses Kamala Harris of supporting genocide.","2024-10-08 19:02:27","https://www.foxnews.com/politics/abandon-harris-group-endorses-jill-stein-over-pro-genocide-candidate-kamala"
123,"Conservatives dismiss Biden parole limits on 500K migrants: ‘Optics-driven smokescreen’","The Biden administration last week announced that it will not be renewing CHNV paroles for more than 500,000 migrants; conservatives are unimpressed.","2024-10-09 08:00:50","https://www.foxnews.com/politics/conservatives-dismiss-biden-parole-move-500k-migrants-optics-driven-smokescreen"
124,"Arizona begins in-person and absentee voting, here's what you need to know","Arizona kicks off 2024 election with early voting, absentee voting on Wednesday.","2024-10-09 05:00:15","https://www.foxnews.com/politics/arizona-begins-in-person-absentee-voting-heres-what-you-need-know"
125,"Biden-Harris admin ‘taking advice from foreign governments’ on policing speech, lawmaker charges","Senior Biden-Harris administration officials gained advice from U.K. officials about partnering with social media platforms to police &quot;disinformation&quot; content, documents reveal.","2024-10-09 04:00:43","https://www.foxnews.com/politics/biden-harris-admin-taking-advice-from-foreign-governments-policing-speech-lawmaker-charges"
126,"Georgia Dems chair reveals message to undecided GOP voters as Harris works to build broad base","Rep. Nikema Williams, chairwoman of the Georgia Democratic Party, spoke with Fox News Digital about the 2024 presidential race.","2024-10-09 04:00:39","https://www.foxnews.com/politics/georgia-dems-chair-reveals-message-undecided-gop-voters-harris-works-build-broad-base"
127,"Trump-backed House candidate rips Biden's 'joke' border policy for inviting gang violence to swing state","Fox News Digital spoke to AZ GOP congressional candidate Abe Hamadeh and GOP Chairwoman Gina Swoboda who warned that transnational gangs are coming across the border.","2024-10-09 04:00:35","https://www.foxnews.com/politics/trump-backed-house-candidate-rips-bidens-joke-border-policy"
128,"Xi Jinping celebrates China’s rising power — and his own","President Xi Jinping opened China’s twice-per decade Communist Party Congress on Wednesday hailing the reforms he put in place during his first five-year term and sharing his vision for where he hopes to take the nation. William Brangham reports on the congress as it prepares to announce Xi’s successor and how new leadership may transform China’s role as a global economic partner.","2017-10-18 22:35:21","http://www.pbs.org/newshour/bb/xi-jinping-celebrates-chinas-rising-power/"
129,"The battle for Mosul is over, but this hidden ISIS danger could lurk for years","Iraq may have ousted Islamic States militants from the city of Mosul over the summer, but the major task of finding and destroying the mines, booby traps and bombs remains. A security firm hired by the U.S. and Iraqi workers are making progress to clear major areas, but it could take years or even decades. Special correspondent Marcia Biggs reports on the safety of Mosul after ISIS.","2017-10-18 22:20:26","http://www.pbs.org/newshour/bb/battle-mosul-hidden-isis-danger-lurk-years/"
130,"As Rohingya refugees continue to flee from persecution, here’s how you can help","More than 500,000 Rohingya Muslims have fled their homes since August to escape systematic violence at the hands of government soldiers in Myanmar. Here's how you can help.","2017-10-18 20:58:34","http://www.pbs.org/newshour/rundown/rohingya-refugees-continue-flee-persecution-heres-can-help/"
131,"Tillerson: ‘Heartbreaking’ reports of suffering in Myanmar","WASHINGTON — Secretary of State Rex Tillerson is condemning reported atrocities committed against Rohingya Muslims in Myanmar, and he says those responsible — perhaps the country's military — will be held accountable.","2017-10-18 15:36:51","http://www.pbs.org/newshour/rundown/tillerson-heartbreaking-reports-suffering-myanmar/"
132,"Far-right groups gain ground in Sweden and Germany amid migrant influx","Sunday’s election in Austria brought victory to 31-year-old Sebastian Kurz, who was elected chancellor on an anti-immigrant platform. Earlier, a strengthened far-right party dealt a blow to returning leader Angela Merkel in Germany’s election. As Sweden’s election approaches next year, special correspondent Michael Brabant surveys the changing political landscape in Europe.","2017-10-17 22:30:37","http://www.pbs.org/newshour/bb/far-right-groups-gain-ground-sweden-germany-amid-migrant-influx/"
133,"U.S.-backed Syrian forces recapture Raqqa from Islamic State group","U.S.-backed Syrian Democratic Forces announced Tuesday that they had captured the city of Raqqa from Islamic State militants.","2017-10-17 16:57:20","http://www.pbs.org/newshour/rundown/u-s-backed-syrian-forces-recapture-raqqa-from-islamic-state-group/"
134,"WATCH: Trump and Greek prime minister hold joint news conference","President Donald Trump says the U.S. stands with Greece as they recover from their economic crisis.","2017-10-17 16:28:24","http://www.pbs.org/newshour/rundown/watch-live-trump-and-greek-prime-minister-hold-joint-press-conference/"
135,"U.S., Japan agree to maximize diplomatic pressure on North Korea","TOKYO — U.S. and Japanese diplomats agreed Tuesday to maximize pressure on North Korea to resolve tensions over its nuclear program, while citing the need to be prepared for the worst if diplomacy fails.","2017-10-17 13:01:05","http://www.pbs.org/newshour/rundown/u-s-japan-agree-maximize-diplomatic-pressure-north-korea/"
136,"News Wrap: Dozens missing after deadly Mogadishu truck bombing","In our news wrap Monday, more than 300 people are confirmed dead and nearly 400 wounded after Saturday’s massive truck bombing in Somalia’s capital Mogadishu. The government blamed the al-Qaida-linked group al-Shabab. Also, 31-year-old conservative Sebastian Kurz is set to become the Austria’s next leader in another shift to the right in European politics.","2017-10-16 22:45:17","http://www.pbs.org/newshour/bb/news-wrap-dozens-missing-deadly-mogadishu-truck-bombing/"
166,"Why hundreds of Samsung workers are protesting in India","About 1500 workers in Tamil Nadu state have been striking work for the past 11 days.","2024-09-19 13:51:52","https://www.bbc.com/news/articles/c7488w85n00o"
137,"Why a power struggle has broken out over Kirkuk","Two vital American allies have reignited their rivalry in Iraq. After months of simmering tensions, national military forces and militia moved to push Kurdish forces out of the disputed city of Kirkuk. Three weeks ago, the Kurds held a referendum to split from Iraq. Lisa Desjardins reports and Judy Woodruff talks with Emma Sky of Yale University and Feisal Istrabadi of Indiana University.","2017-10-16 22:40:31","http://www.pbs.org/newshour/bb/power-struggle-broken-kirkuk/"
138,"Rex Tillerson says continue diplomacy with North Korea ‘until first bomb drops’","That statement comes despite President Donald Trump's tweets a couple of weeks ago that his chief envoy was ""wasting his time"" trying to negotiate with ""Little Rocket Man,"" a mocking nickname Trump has given the nuclear-armed nation's leader, Kim Jong Un.","2017-10-16 11:08:00","http://www.pbs.org/newshour/rundown/rex-tillerson-says-continue-diplomacy-north-korea-first-bomb-drops/"
139,"Iraqi, Kurdish forces in standoff, weeks after Kurdish vote for independence","Iraqi army and Kurdish troops are in a standoff in Kirkuk, a city located in the Kurdistan region, which voted for independence from Iraq last month. Kirkuk holds 10 percent of Iraq’s oil reserves. Washington Post reporter Loveday Morris, who is covering the standoff, joins Hari Sreenivasan via Skype from Baghdad.","2017-10-15 20:33:23","http://www.pbs.org/newshour/bb/iraqi-kurdish-forces-standoff-weeks-kurdish-vote-independence/"
140,"South Sudan civil war causes Africa’s worst refugee crisis","South Sudan’s four-year civil war has left half of the nation’s population, 6 million people, in need of humanitarian aid and caused one of the world’s worst refugee crises. With support from the U.S. Holocaust Memorial Museum’s Center for the Prevention of Genocide, NewsHour Weekend Special Correspondent Simona Foltyn and journalist Jason Patinkin traveled to Uganda to meet people desperate for asylum.","2017-10-15 19:26:17","http://www.pbs.org/newshour/bb/south-sudan-civil-war-causes-africas-worst-refugee-crisis/"
141,"Hundreds dead after massive truck bomb strikes Mogadishu","At least 231 people were killed and hundreds more wounded after a massive truck bomb on Saturday struck Somalia's capital city of Mogadishu.","2017-10-15 16:27:49","http://www.pbs.org/newshour/rundown/hundreds-dead-massive-truck-bomb-strikes-mogadishu/"
142,"Column: Why reporting from South Sudan is so difficult — and critically needed","The war has had a devastating impact on South Sudanese communities, but much of it has remained out of the limelight of international media.","2017-10-15 14:27:40","http://www.pbs.org/newshour/updates/reporters-notebook-reporting-south-sudan-difficult-critically-needed/"
143,"Indian tycoon Ratan Tata dies aged 86","His death was announced by the Tata Group, the multi-billion-dollar conglomerate he led for more than two decades.","2024-10-09 19:32:01","https://www.bbc.com/news/articles/cjd5835mp4ko"
144,"Kashmir and Haryana prove India exit polls wrong","India's ruling BJP appears on course to hold Haryana state but is heading for defeat in Kashmir.","2024-10-08 12:15:30","https://www.bbc.com/news/articles/cx2y4ew10wxo"
145,"'Our son died. Now we can use his sperm to have a grandchild'","An Indian court has cleared the way for a couple to use their dead son's frozen sperm.","2024-10-09 08:47:10","https://www.bbc.com/news/articles/cnvdgv6rejvo"
146,"Teen breaks record by climbing Earth's highest peaks","The 18-year-old has become the youngest person to summit all 14 of the world's 8,000m peaks.","2024-10-09 10:36:27","https://www.bbc.com/news/articles/c869y6qx6e4o"
147,"Indian financial aid opens 'new chapter' with Maldives","The deal comes as the Maldives president visits Delhi after relations nosedived in recent months.","2024-10-07 12:24:15","https://www.bbc.com/news/articles/cly4eq78k5qo"
148,"Climbers rescued after three days in the Himalayas","A British climber who went missing in the Himalayas has spoken of her relief after surviving for two days in ""brutal"" conditions that put her life in danger.","2024-10-06 16:14:26","https://www.bbc.com/news/articles/c93y147z4pdo"
149,"Obituary: Ratan Tata, the 'modest' Indian tycoon","The businessman led a conglomerate of more than 100 companies, employing some 660,000 people.","2024-10-09 19:40:39","https://www.bbc.com/news/articles/cd11lz4vpr7o"
150,"The Polish artist who painted Hindu gods in Indian palaces","Stefan Norblin painted beautiful murals in the art deco style for Indian maharajas in the 1940s.","2024-10-04 23:21:43","https://www.bbc.com/news/articles/c8xe17pegrno"
151,"How India became a Test cricket powerhouse","More than 90 years after its first Test match, India boasts more victories in the format than losses.","2024-10-03 21:27:11","https://www.bbc.com/news/articles/cz6w0lygq22o"
152,"India's iconic tramcars set to ride into Kolkata sunset","Kolkata's iconic trams are in danger of being shut down entirely. But activists are fighting back.","2024-10-01 23:30:25","https://www.bbc.com/news/articles/ckgn4mzn224o"
153,"My mission is to take Tamil music global, says Sid Sriram","The Indian-born, American-raised artist is going to perform his biggest solo UK show.","2024-10-06 00:25:44","https://www.bbc.com/news/articles/cvgwwqpdj74o"
154,"India's top court saves a poor student's college dream","Atul Kumar missed the deadline to pay his college fee by a few seconds - then a court stepped in to help him.","2024-10-03 09:24:47","https://www.bbc.com/news/articles/cx25nq12n10o"
155,"The 'mastermind' behind India's biggest jailbreak","Nearly 20 years ago, 389 men escaped from an Indian jail, led by a man believed to have planned the breakout.","2024-10-01 01:48:53","https://www.bbc.com/news/articles/c1dd9rj3vmyo"
156,"The world’s diamond polishing capital feels Ukraine war impact","Wars and recession in key Western markets have left India's diamond industry workers distraught and jobless.","2024-09-30 01:04:21","https://www.bbc.com/news/articles/c1e866ypp1zo"
157,"Sold out in minutes, resold for millions: Coldplay tickets spark outrage in India","Coldplay's concerts in Mumbai sold out in minutes and now resellers are charging up to $10,000 for a ticket.","2024-09-29 01:24:50","https://www.bbc.com/news/articles/c99v12e3yj4o"
158,"A famed holy sweet in an unsavoury row in India","The famous Tirupati temple laddus are prized by devotees who consider them god’s blessing.","2024-09-26 21:41:55","https://www.bbc.com/news/articles/cglkenxgd5xo"
159,"Your essential guide to the ICC Women's T20 World Cup","The Women's T20 World Cup in the United Arab Emirates starts on 3 October - here's everything you need to know about the ninth edition.","2024-10-01 07:59:27","https://www.bbc.com/sport/cricket/articles/c99vp4yyyyxo"
160,"The Kashmiri politician whose return from jail ruffled feathers","A court has allowed jailed lawmaker Engineer Rashid to return to Kashmir to campaign in regional polls.","2024-09-26 01:00:04","https://www.bbc.com/news/articles/cgj4l01q9jgo"
161,"Death of Indian employee sparks debate on 'toxic work culture'","Anna Perayil's parents allege she died four months after starting a job because of ""overwhelming work stress"".","2024-09-24 21:39:31","https://www.bbc.com/news/articles/c0kjgp4jr5yo"
162,"Tigers and crocs make mangrove preservation tough work","To help preserve mangrove forests researchers have to take on demanding field work.","2024-09-23 23:09:02","https://www.bbc.com/news/articles/crrldyvqe4xo"
169,"Watch: Thousands of women protest about rape and murder of doctor in India","Women led a march in West Bengal state after a female doctor's brutal rape and murder last week.","2024-08-15 08:56:44","https://www.bbc.com/news/videos/czx67lknn54o"
170,"Watch: Building collapses into river in Himachal Pradesh","No-one was injured in the incident, which took place due to heavy rainfall.","2024-08-01 07:44:51","https://www.bbc.com/news/videos/c1vdw9546wwo"
171,"Watch: Blue screens, queues and airport delays worldwide","Many flights have been grounded, with huge queues and delays at airports all over the world.","2024-07-19 11:51:09","https://www.bbc.com/news/videos/cz7ejpld988o"
172,"WATCH: Families mourn victims of deadly India crush","At least 121 people, mostly women, were killed in the crush at a religious event in northern India.","2024-07-03 09:42:54","https://www.bbc.com/news/videos/cw4ypql875ko"
173,"Watch: Delhi airport roof collapses due to heavy rain","The incident has left one person dead and injured four others.","2024-06-28 07:43:43","https://www.bbc.com/news/videos/c134zdz2nnro"
174,"What worked for India's Modi - and what didn’t?","Indian Prime Minister Narendra Modi and his party have won the most seats in this year's election.","2024-06-04 15:32:32","https://www.bbc.com/news/articles/ce442577v35o"
